{
  "variants": {
    "facing=north,lit=false": {
      "model": "energybridge:block/energy_bridge"
    },
    "facing=south,lit=false": {
      "model": "energybridge:block/energy_bridge",
      "y": 180
    },
    "facing=west,lit=false": {
      "model": "energybridge:block/energy_bridge",
      "y": 270
    },
    "facing=east,lit=false": {
      "model": "energybridge:block/energy_bridge",
      "y": 90
    },
    "facing=north,lit=true": {
      "model": "energybridge:block/energy_bridge_lit"
    },
    "facing=south,lit=true": {
      "model": "energybridge:block/energy_bridge_lit",
      "y": 180
    },
    "facing=west,lit=true": {
      "model": "energybridge:block/energy_bridge_lit",
      "y": 270
    },
    "facing=east,lit=true": {
      "model": "energybridge:block/energy_bridge_lit",
      "y": 90
    }
  }
}